idx,epoch,gt_Tin_true,gt_Hin_true,state_Tout_phys_raw,state_Hout_phys_raw,state_Tin_lag1_phys_raw,state_Hin_lag1_phys_raw,state_Tout_lag1_phys_raw,state_Hout_lag1_phys_raw,state_Tin_lag2_phys_raw,state_Hin_lag2_phys_raw,state_sin_hour,state_cos_hour,state_weekday,state_month,y_T_scaled,y_H_scaled,d_T_pred,d_H_pred,p_Tprev_phys,p_Hprev_phys,p_T_pred,p_H_pred
0,1546498800,27.76000023,63.92888641,27.78000069,84.00000000,27.85000038,63.95313644,27.78000069,79.00000000,27.94000053,63.97166824,0.96592581,-0.25881904,3.00000000,1.00000000,0.50716752,0.55224913,-0.08552159,0.02355717,27.85000038,63.95313644,27.76447868,63.97669220
1,1546502400,28.06999969,64.16737366,27.78000069,84.00000000,27.76000023,63.92888641,27.78000069,84.00000000,27.85000038,63.95313644,0.86602539,-0.50000000,3.00000000,1.00000000,0.50716752,0.56351948,-0.08552159,0.03930301,27.76000023,63.92888641,27.67447853,63.96818924
2,1546506000,28.17000008,64.57318115,27.78000069,79.00000000,28.06999969,64.16737366,27.78000069,84.00000000,27.76000023,63.92888641,0.70710677,-0.70710677,3.00000000,1.00000000,0.50716752,0.56351948,-0.08552159,0.03930301,28.06999969,64.16737366,27.98447800,64.20668030
3,1546509600,28.20000076,64.81292725,27.78000069,74.00000000,28.17000008,64.57318115,27.78000069,79.00000000,28.06999969,64.16737366,0.50000000,-0.86602539,3.00000000,1.00000000,0.50716752,0.56351948,-0.08552159,0.03930301,28.17000008,64.57318115,28.08447838,64.61248779
4,1546513200,28.36000061,65.39189148,27.21999931,79.00000000,28.20000076,64.81292725,27.78000069,74.00000000,28.17000008,64.57318115,0.25881904,-0.96592581,3.00000000,1.00000000,0.50716752,0.56351948,-0.08552159,0.03930301,28.20000076,64.81292725,28.11447906,64.85223389
5,1546516800,28.54000092,66.12054443,27.21999931,79.00000000,28.36000061,65.39189148,27.21999931,79.00000000,28.20000076,64.81292725,0.00000000,-1.00000000,3.00000000,1.00000000,0.51843792,0.56351948,-0.06275537,0.03930301,28.36000061,65.39189148,28.29724503,65.43119812
6,1546520400,28.59000015,66.54130554,27.78000069,74.00000000,28.54000092,66.12054443,27.21999931,79.00000000,28.36000061,65.39189148,-0.25881904,-0.96592581,3.00000000,1.00000000,0.52970833,0.56351948,-0.03998915,0.03930301,28.54000092,66.12054443,28.50001144,66.15985107
7,1546524000,28.86000061,67.04199982,28.88999939,70.00000000,28.59000015,66.54130554,27.78000069,74.00000000,28.54000092,66.12054443,-0.50000000,-0.86602539,3.00000000,1.00000000,0.52970833,0.55224913,-0.03998915,0.02355717,28.59000015,66.54130554,28.55001068,66.56486511
8,1546527600,28.81999969,67.42504120,30.00000000,70.00000000,28.86000061,67.04199982,28.88999939,70.00000000,28.59000015,66.54130554,-0.70710677,-0.70710677,3.00000000,1.00000000,0.52970833,0.55224913,-0.03998915,0.02355717,28.86000061,67.04199982,28.82001114,67.06555939
9,1546531200,28.95999908,67.76143646,31.11000061,66.00000000,28.81999969,67.42504120,30.00000000,70.00000000,28.86000061,67.04199982,-0.86602539,-0.50000000,3.00000000,1.00000000,0.52970833,0.55224913,-0.03998915,0.02355717,28.81999969,67.42504120,28.78001022,67.44860077
10,1546534800,28.92000008,67.96052551,32.22000122,66.00000000,28.95999908,67.76143646,31.11000061,66.00000000,28.81999969,67.42504120,-0.96592581,-0.25881904,3.00000000,1.00000000,0.52970833,0.54097873,-0.03998915,0.00781125,28.95999908,67.76143646,28.92000961,67.76924896
11,1546538400,28.85000038,68.01488495,32.22000122,62.00000000,28.92000008,67.96052551,32.22000122,66.00000000,28.95999908,67.76143646,-1.00000000,-0.00000000,3.00000000,1.00000000,0.54097873,0.54097873,-0.01722294,0.00781125,28.92000008,67.96052551,28.90277672,67.96833801
12,1546542000,28.85000038,68.08569336,32.22000122,62.00000000,28.85000038,68.01488495,32.22000122,62.00000000,28.92000008,67.96052551,-0.96592581,0.25881904,3.00000000,1.00000000,0.54097873,0.52970833,-0.01722294,-0.00793467,28.85000038,68.01488495,28.83277702,68.00695038
13,1546545600,28.80999947,68.06764221,32.22000122,62.00000000,28.85000038,68.08569336,32.22000122,62.00000000,28.85000038,68.01488495,-0.86602539,0.50000000,3.00000000,1.00000000,0.54097873,0.54097873,-0.01722294,0.00781125,28.85000038,68.08569336,28.83277702,68.09350586
14,1546549200,28.85000038,68.06462860,32.22000122,62.00000000,28.80999947,68.06764221,32.22000122,62.00000000,28.85000038,68.08569336,-0.70710677,0.70710677,3.00000000,1.00000000,0.54097873,0.54097873,-0.01722294,0.00781125,28.80999947,68.06764221,28.79277611,68.07545471
15,1546552800,28.87000084,68.05146027,32.22000122,62.00000000,28.85000038,68.06462860,32.22000122,62.00000000,28.80999947,68.06764221,-0.50000000,0.86602539,3.00000000,1.00000000,0.54097873,0.54097873,-0.01722294,0.00781125,28.85000038,68.06462860,28.83277702,68.07244110
16,1546556400,28.71999931,67.74334717,32.22000122,59.00000000,28.87000084,68.05146027,32.22000122,62.00000000,28.85000038,68.06462860,-0.25881904,0.96592581,3.00000000,1.00000000,0.54097873,0.52970833,-0.01722294,-0.00793467,28.87000084,68.05146027,28.85277748,68.04352570
17,1546560000,28.87000084,67.50947571,31.11000061,55.00000000,28.71999931,67.74334717,32.22000122,59.00000000,28.87000084,68.05146027,0.00000000,1.00000000,4.00000000,1.00000000,0.55224913,0.54097873,0.00554328,0.00781125,28.71999931,67.74334717,28.72554207,67.75115967
18,1546563600,28.95999908,67.53431702,30.00000000,55.00000000,28.87000084,67.50947571,31.11000061,55.00000000,28.71999931,67.74334717,0.25881904,0.96592581,4.00000000,1.00000000,0.55224913,0.54097873,0.00554328,0.00781125,28.87000084,67.50947571,28.87554359,67.51728821
19,1546567200,29.02000046,67.66596985,28.88999939,58.00000000,28.95999908,67.53431702,30.00000000,55.00000000,28.87000084,67.50947571,0.50000000,0.86602539,4.00000000,1.00000000,0.55224913,0.54097873,0.00554328,0.00781125,28.95999908,67.53431702,28.96554184,67.54212952
20,1546570800,29.05999947,67.78549194,28.88999939,62.00000000,29.02000046,67.66596985,28.88999939,58.00000000,28.95999908,67.53431702,0.70710677,0.70710677,4.00000000,1.00000000,0.55224913,0.54097873,0.00554328,0.00781125,29.02000046,67.66596985,29.02554321,67.67378235
21,1546574400,29.05999947,67.84905243,27.78000069,70.00000000,29.05999947,67.78549194,28.88999939,62.00000000,29.02000046,67.66596985,0.86602539,0.50000000,4.00000000,1.00000000,0.54097873,0.55224913,-0.01722294,0.02355717,29.05999947,67.78549194,29.04277611,67.80905151
22,1546578000,29.04999924,67.90113068,28.88999939,70.00000000,29.05999947,67.84905243,27.78000069,70.00000000,29.05999947,67.78549194,0.96592581,0.25881904,4.00000000,1.00000000,0.55224913,0.56351948,0.00554328,0.03930301,29.05999947,67.84905243,29.06554222,67.88835907
23,1546581600,29.04999924,67.89624023,28.88999939,74.00000000,29.04999924,67.90113068,28.88999939,70.00000000,29.05999947,67.84905243,1.00000000,0.00000000,4.00000000,1.00000000,0.54097873,0.56351948,-0.01722294,0.03930301,29.04999924,67.90113068,29.03277588,67.94043732
24,1546585200,29.02000046,67.81974030,27.78000069,74.00000000,29.04999924,67.89624023,28.88999939,74.00000000,29.04999924,67.90113068,0.96592581,-0.25881904,4.00000000,1.00000000,0.54097873,0.57478988,-0.01722294,0.05504893,29.04999924,67.89624023,29.03277588,67.95128632
25,1546588800,28.97999954,67.81496429,27.78000069,74.00000000,29.02000046,67.81974030,27.78000069,74.00000000,29.04999924,67.89624023,0.86602539,-0.50000000,4.00000000,1.00000000,0.55224913,0.58606029,0.00554328,0.07079484,29.02000046,67.81974030,29.02554321,67.89053345
26,1546592400,28.97999954,67.77856445,27.78000069,79.00000000,28.97999954,67.81496429,27.78000069,74.00000000,29.02000046,67.81974030,0.70710677,-0.70710677,4.00000000,1.00000000,0.54097873,0.58606029,-0.01722294,0.07079484,28.97999954,67.81496429,28.96277618,67.88575745
27,1546596000,29.12000084,67.75868225,27.78000069,79.00000000,28.97999954,67.77856445,27.78000069,79.00000000,28.97999954,67.81496429,0.50000000,-0.86602539,4.00000000,1.00000000,0.54097873,0.59733069,-0.01722294,0.08654077,28.97999954,67.77856445,28.96277618,67.86510468
28,1546599600,29.14999962,67.62519073,27.21999931,79.00000000,29.12000084,67.75868225,27.78000069,79.00000000,28.97999954,67.77856445,0.25881904,-0.96592581,4.00000000,1.00000000,0.55224913,0.58606029,0.00554328,0.07079484,29.12000084,67.75868225,29.12554359,67.82947540
29,1546603200,29.20999908,67.56477356,27.21999931,79.00000000,29.14999962,67.62519073,27.21999931,79.00000000,29.12000084,67.75868225,0.00000000,-1.00000000,4.00000000,1.00000000,0.55224913,0.59733069,0.00554328,0.08654077,29.14999962,67.62519073,29.15554237,67.71173096
30,1546606800,29.35000038,67.41719055,27.21999931,79.00000000,29.20999908,67.56477356,27.21999931,79.00000000,29.14999962,67.62519073,-0.25881904,-0.96592581,4.00000000,1.00000000,0.56351948,0.58606029,0.02830938,0.07079484,29.20999908,67.56477356,29.23830795,67.63556671
31,1546610400,29.50000000,67.37581635,28.88999939,74.00000000,29.35000038,67.41719055,27.21999931,79.00000000,29.20999908,67.56477356,-0.50000000,-0.86602539,4.00000000,1.00000000,0.56351948,0.58606029,0.02830938,0.07079484,29.35000038,67.41719055,29.37830925,67.48798370
32,1546614000,29.54999924,67.16495514,30.00000000,70.00000000,29.50000000,67.37581635,28.88999939,74.00000000,29.35000038,67.41719055,-0.70710677,-0.70710677,4.00000000,1.00000000,0.56351948,0.58606029,0.02830938,0.07079484,29.50000000,67.37581635,29.52830887,67.44660950
33,1546617600,29.60000038,66.89015961,31.11000061,62.00000000,29.54999924,67.16495514,30.00000000,70.00000000,29.50000000,67.37581635,-0.86602539,-0.50000000,4.00000000,1.00000000,0.56351948,0.58606029,0.02830938,0.07079484,29.54999924,67.16495514,29.57830811,67.23574829
34,1546621200,29.47999954,66.54774475,32.22000122,59.00000000,29.60000038,66.89015961,31.11000061,62.00000000,29.54999924,67.16495514,-0.96592581,-0.25881904,4.00000000,1.00000000,0.56351948,0.57478988,0.02830938,0.05504893,29.60000038,66.89015961,29.62830925,66.94520569
35,1546624800,29.37999916,66.07992554,32.22000122,55.00000000,29.47999954,66.54774475,32.22000122,59.00000000,29.60000038,66.89015961,-1.00000000,-0.00000000,4.00000000,1.00000000,0.56351948,0.56351948,0.02830938,0.03930301,29.47999954,66.54774475,29.50830841,66.58705139
36,1546628400,29.28000069,65.70793152,32.77999878,52.00000000,29.37999916,66.07992554,32.22000122,55.00000000,29.47999954,66.54774475,-0.96592581,0.25881904,4.00000000,1.00000000,0.56351948,0.55224913,0.02830938,0.02355717,29.37999916,66.07992554,29.40830803,66.10348511
37,1546632000,29.15999985,65.31369781,32.77999878,49.00000000,29.28000069,65.70793152,32.77999878,52.00000000,29.37999916,66.07992554,-0.86602539,0.50000000,4.00000000,1.00000000,0.57478988,0.55224913,0.05107559,0.02355717,29.28000069,65.70793152,29.33107567,65.73149109
38,1546635600,29.11000061,64.98620605,32.77999878,52.00000000,29.15999985,65.31369781,32.77999878,49.00000000,29.28000069,65.70793152,-0.70710677,0.70710677,4.00000000,1.00000000,0.56351948,0.54097873,0.02830938,0.00781125,29.15999985,65.31369781,29.18830872,65.32151031
39,1546639200,29.10000038,64.68411255,32.22000122,49.00000000,29.11000061,64.98620605,32.77999878,52.00000000,29.15999985,65.31369781,-0.50000000,0.86602539,4.00000000,1.00000000,0.56351948,0.54097873,0.02830938,0.00781125,29.11000061,64.98620605,29.13830948,64.99401855
40,1546642800,29.11000061,64.36698151,31.11000061,52.00000000,29.10000038,64.68411255,32.22000122,49.00000000,29.11000061,64.98620605,-0.25881904,0.96592581,4.00000000,1.00000000,0.55224913,0.52970833,0.00554328,-0.00793467,29.10000038,64.68411255,29.10554314,64.67617798
41,1546646400,28.95000076,63.99122620,27.78000069,79.00000000,29.11000061,64.36698151,31.11000061,52.00000000,29.10000038,64.68411255,0.00000000,1.00000000,5.00000000,1.00000000,0.55224913,0.54097873,0.00554328,0.00781125,29.11000061,64.36698151,29.11554337,64.37479401
42,1546650000,28.75000000,63.50793076,27.21999931,94.00000000,28.95000076,63.99122620,27.78000069,79.00000000,29.11000061,64.36698151,0.25881904,0.96592581,5.00000000,1.00000000,0.55224913,0.54097873,0.00554328,0.00781125,28.95000076,63.99122620,28.95554352,63.99903870
43,1546653600,28.64999962,63.01289368,27.21999931,89.00000000,28.75000000,63.50793076,27.21999931,94.00000000,28.95000076,63.99122620,0.50000000,0.86602539,5.00000000,1.00000000,0.55224913,0.54097873,0.00554328,0.00781125,28.75000000,63.50793076,28.75554276,63.51574326
44,1546657200,28.79000092,62.70466232,27.21999931,89.00000000,28.64999962,63.01289368,27.21999931,89.00000000,28.75000000,63.50793076,0.70710677,0.70710677,5.00000000,1.00000000,0.56351948,0.55224913,0.02830938,0.02355717,28.64999962,63.01289368,28.67830849,63.03644943
45,1546660800,28.79000092,62.51548767,27.21999931,89.00000000,28.79000092,62.70466232,27.21999931,89.00000000,28.64999962,63.01289368,0.86602539,0.50000000,5.00000000,1.00000000,0.56351948,0.55224913,0.02830938,0.02355717,28.79000092,62.70466232,28.81830978,62.72821808
46,1546664400,28.77000046,62.48464966,27.78000069,74.00000000,28.79000092,62.51548767,27.21999931,89.00000000,28.79000092,62.70466232,0.96592581,0.25881904,5.00000000,1.00000000,0.57478988,0.54097873,0.05107559,0.00781125,28.79000092,62.51548767,28.84107590,62.52330017
